id,name,taxid,gender,dateofbirth,status,externalcode,isenriched,enrichedat,enrichedbt,createdat,createdby,updatedat,updatedby
c4c216be-8555-4dfb-bd59-81c66eef0bb4,Fernanda,5393.6,N,1987-08-02,1,a105a22c-1f5a-486a-9d99-9bde78c2bf6d,353.164.804.260.786.644,41.068.952.382.857.548,66.355.147.496.451.946,2025-09-08 02:20:55,Support,2025-10-28 13:49:47,Admin
8ed45ff1-d9ec-45bb-bd2e-896b8be931fb,Patricia,9942.7,N,1992-02-08,0,4b4d6429-eda1-4135-b21a-97a8e623b62b,900.105.714.026.971.915,128.203.554.666.565.825,475.058.990.895.110.470,2024-12-15 04:31:48,User,2025-10-07 17:36:41,System
cd2a2215-95d7-4480-920f-0e8a4d862db3,Patricia,449.1,N,2002-11-06,1,508fc385-bf89-42d4-ab3e-263771070f82,5.280.467.990.965.188,335.376.483.449.997.087,530.809.515.689.734.623,2025-05-28 14:13:33,Admin,2025-10-24 20:47:10,User
e9314550-b548-4a89-a61d-33a1c5d7d9e2,Fabio,6279.5,M,1997-06-27,0,4fed2373-4e0e-41e1-81c2-6227f3445c35,942.128.137.062.904.076,125.526.213.937.222.734,551.214.592.568.071.956,2025-08-29 20:03:56,System,2025-10-18 15:38:05,User
5a5956fa-8253-4544-bf75-f1ba9f42212a,Lucas,4520.5,O,1997-10-14,1,57de3593-a4af-4a8e-a691-0dbd65c4e0c8,626.247.032.073.562.309,669.317.228.345.771.493,251.782.645.472.243.819,2024-11-02 23:30:16,User,2025-10-09 15:19:39,Support
b8db2600-bdc6-4194-8314-ef5d069e5578,Natalia,8329.4,M,2000-08-29,1,c52a39c5-4b8e-4c2e-a109-1ae8eb347121,618.929.132.591.574.102,401.867.995.157.122.928,455.146.794.167.673.391,2025-06-04 18:33:21,Admin,2025-10-09 20:57:38,System
a48eee3e-d9de-4fcf-a268-70303e96f5bc,Diogo,2959.2,O,1976-09-17,0,1a34bf44-3f30-4aaf-9d6f-6e1a37b1bffd,710.983.328.491.316.546,912.910.391.806.538.483,714.523.244.409.412.429,2025-05-27 07:14:08,System,2025-10-20 19:01:59,HorusBI App
2d1c4b54-0a55-49ec-b6ec-e0385f5d0c71,Daniela,9676.9,F,1997-01-07,1,d9e34040-b5d5-4108-b6c7-e3da319b1aef,893.443.776.700.991.725,604.815.085.039.686.929,641.700.358.418.837.485,2024-12-27 05:25:02,HorusBI App,2025-10-26 15:54:46,HorusBI App
bbd38044-7f60-454b-af1a-84c5425c973a,Marcos,8658.7,M,2005-01-15,1,c7cec739-adc3-4b2c-9f69-ccd0d388a8c9,591.538.953.331.579.287,317.386.046.293.576.121,265.924.928.080.516.252,2025-06-28 22:10:43,System,2025-10-23 02:48:33,Support
dcb5d991-b32a-4802-84c0-3a17cd84ce0d,Fabio,3062.8,O,1982-11-29,0,aac3cc62-42ad-403c-bb9c-a79f0e083a20,573.970.011.178.118.124,463.225.083.404.497.205,161.390.644.448.547.107,2025-07-16 02:56:21,System,2025-10-09 13:51:22,User
98e9dc0a-cc10-4bfa-a591-cbcd7b753fae,Carlos,8414.2,F,1992-12-06,1,e765559c-22ab-452c-aa4f-e1b76fe3a818,67.031.257.100.891.548,331.171.632.559.818.794,738.506.809.182.358.837,2025-09-11 20:10:57,User,2025-11-01 00:36:03,User
3187dc7b-efc4-4fe7-9004-98b9e9c35d90,Helena,8671.6,F,1993-02-14,1,47de8e35-6d98-480f-ab2a-6b57101fcb5e,30.032.923.766.445.660,839.675.853.214.034.902,68.799.703.611.743.992,2024-11-06 20:21:02,User,2025-10-30 12:55:39,Support
8f9357f5-ea02-4a8e-be0d-0fae3ef6e800,Ivan,6089.0,N,2002-12-10,0,ef38ed6f-f675-4bfd-b601-ec69582fec27,283.646.789.287.581.414,215.302.805.553.866.754,105.209.277.274.821.978,2025-08-13 00:14:00,User,2025-10-24 23:52:10,HorusBI App
79ffa59e-a1b6-4b6b-8d1f-7fb18a06c1da,Diogo,830.4,F,1978-11-23,0,f89322c0-2629-43f9-b351-2770b0efc35f,700.065.954.591.416.331,691.620.567.056.617.890,561.224.187.015.954.005,2025-09-26 19:04:08,System,2025-10-27 20:04:05,Support
580c2176-a29a-48ea-820c-97838bfca5b4,Lucas,7682.9,M,1999-04-09,1,fe75de7a-6cdf-4ce2-95c0-6dc7c764e258,473.744.617.996.674.175,720.667.601.278.909.020,136.269.590.457.440.085,2024-12-14 08:29:03,Admin,2025-10-22 14:27:44,HorusBI App
4feb0cf4-6330-4735-ac3d-d321eaef6071,Sofia,7906.9,M,1993-03-25,1,d135c4ac-20cb-4302-93a1-657fe369b000,91.017.174.403.152.839,978.496.702.130.587.951,220.105.529.789.869.712,2025-08-09 21:19:24,Support,2025-10-20 03:54:42,Admin
8f174a8f-f3de-443f-b8dc-7e8738e06f44,Rafael,5733.1,O,1979-07-24,0,36b58f7a-5f6b-48cd-9ff2-f199a1acc6c3,669.727.420.870.325.010,902.508.597.765.583.532,944.271.994.321.579.659,2025-01-31 02:51:12,Support,2025-10-27 18:36:57,Admin
34e40e4b-a0f9-4864-9836-232327369f77,Diogo,8973.1,F,1993-03-04,1,3df0a142-7320-4a83-ac83-53864452dbec,461.315.448.588.848.445,158.081.119.810.217.359,757.600.839.856.104.161,2025-04-28 21:43:56,Support,2025-10-09 06:52:40,Admin
2e959930-15d9-43e2-a2c2-f1dd4976c6e3,Carlos,9460.4,O,2000-06-22,1,c5ddcd8d-ceb8-4c05-af87-540487293056,347.782.148.720.361.104,654.093.328.531.797.299,245.554.800.126.803.338,2025-09-29 19:29:08,System,2025-10-25 17:57:58,User
eb1f3489-eb9d-4fa3-a49a-1cc599208e6b,Ivan,7295.7,M,1971-10-19,0,8278ba62-5437-4601-a59f-174f7a71639c,10.563.262.875.205.557,140.137.635.428.934.628,848.602.931.370.072.767,2024-11-13 10:33:01,User,2025-10-26 15:55:15,Support
09b19763-4291-4f4d-b774-11db972df359,Sofia,7814.1,N,2005-12-07,1,c8801003-b051-4e1e-ad6f-ce72d21420e7,423.416.915.828.739.794,192.602.475.398.357.956,549.100.780.436.899.248,2025-03-17 17:01:14,User,2025-10-17 18:50:49,Admin
af9d8ed8-8209-40e9-9163-9bcbfb316fc8,Natalia,947.9,N,1979-07-12,1,4b04e457-200e-4c56-8ea2-8ebe9ae5024b,814.142.280.556.495.727,717.496.568.477.641.733,147.363.202.108.844.422,2025-04-04 21:25:25,User,2025-10-03 19:24:25,User
3497f37a-e4d9-4ed0-b154-7aa61f725967,Carlos,1831.0,N,1979-12-31,0,a9b28392-8278-4c10-aee7-fd6341a30b44,673.729.015.099.336.455,365.922.699.487.801.859,302.999.447.158.933.616,2025-11-01 03:36:52,HorusBI App,2025-10-03 21:14:25,Admin
6f7d4cfe-ddb9-4caf-9642-2cee2dfda341,Eduardo,1721.0,F,1996-10-30,1,47ba992d-a2fd-4f89-9729-91c3467a35c6,429.688.200.869.785.337,720.660.224.486.742.264,38.858.003.191.988.386,2025-03-25 08:39:29,Admin,2025-10-30 07:14:21,User
f32b4358-bbe0-4fdf-ac1d-a0bfb4c534a5,Fernanda,2291.2,F,1979-09-16,0,19f59414-1cc5-4455-8b14-e05c45aaf906,563.715.091.833.700.788,732.000.971.377.854.502,414.579.078.676.367.214,2025-08-01 11:13:34,Admin,2025-10-29 07:17:20,Support
310555f9-9d0e-4c14-a076-35ec3b2eaa14,Fabio,3787.8,N,2004-08-30,1,b1f61816-ceb8-4745-a129-2e4e2414fcfd,960.682.473.942.046.572,651.382.469.439.974.625,758.643.297.864.234.501,2025-08-30 12:44:39,HorusBI App,2025-10-25 12:35:50,System
ad9534f6-54ea-4dec-9d5f-caaf92d4f691,Diogo,2511.2,M,1980-11-29,0,ecac3cb4-13cd-4641-b66b-581856b39f19,866.228.935.183.469.261,364.420.285.012.010.195,302.596.424.977.744.714,2024-12-19 08:59:08,System,2025-10-12 09:28:32,Support
81a1d4f1-8e3b-48df-81a3-44b3c35dc6b3,Bob,5055.0,O,1973-02-16,1,31d001fb-c20d-4944-afdc-03804a0d104a,43.234.312.114.056.494,600.965.803.204.085.562,269.476.031.684.295.918,2025-07-27 08:28:52,HorusBI App,2025-10-21 04:55:20,User
899f210a-93ce-41c8-b8f2-5c4d35a22449,Fabio,1981.7,N,1999-04-09,1,4133e955-268b-4775-bdf1-e0da69d9b203,829.737.489.887.865.228,434.281.474.549.727.292,834.882.800.096.826.861,2025-05-24 19:27:51,System,2025-10-23 04:58:54,User
17ba6d10-dab3-4ba5-867b-04cdc9c7dc5d,Fabio,377.5,M,1998-10-29,1,c94d0de0-4316-459e-a07a-349bb5745d80,940.069.819.298.288.585,313.569.908.465.610.385,826.669.104.496.501.873,2025-04-22 12:18:50,System,2025-10-27 14:36:50,System
b6fa0a08-96a4-40a1-adf3-48c708c5b3ec,Carlos,4204.6,O,2001-05-27,1,b1da2221-3ab7-4d98-87fb-a656b3a6c4dc,891.680.992.790.747.145,893.089.116.062.967.542,61.515.908.732.463.406,2025-05-17 23:12:13,HorusBI App,2025-10-24 09:59:45,Admin
93e2ba9b-0ae3-44dc-b5a8-22fadaec65dd,Rafael,9136.9,N,1983-02-07,0,9e0a5283-e9e3-4ff3-aeb9-257132ca8771,795.510.759.252.746.116,27.540.324.330.802.064,343.968.472.092.709.058,2025-05-04 10:31:05,Admin,2025-10-17 05:48:33,User
c31f9acf-585c-47fc-a7da-ad09e098c77e,Rafael,815.1,M,1990-10-27,0,08182c80-5585-4c60-aaf3-724317112d9b,275.798.814.482.546.927,472.636.974.755.857.170,14.684.527.613.565.538,2025-07-30 23:00:38,Support,2025-10-28 17:52:59,User
8b76fb17-fd85-4714-b6ba-3c120b78761b,Helena,2299.6,O,2004-12-22,1,f25ba558-c4b4-4b7a-81ae-1b25ad76d524,738.491.143.054.239.265,944.002.277.140.791.287,83.683.373.148.532.845,2025-03-22 08:35:19,HorusBI App,2025-10-10 18:39:23,HorusBI App
e4b03da0-d59c-43c2-b8b3-0f9b571b4e68,Natalia,3578.9,F,1975-02-03,0,0c2f25c6-aa07-421a-be74-242020162797,571.215.545.100.498.572,71.760.985.946.028.259,800.449.122.529.093.913,2025-06-11 18:42:18,HorusBI App,2025-10-15 04:56:47,User
7a1295dc-df4e-40d3-bcbc-919334fffc0f,Fabio,4735.0,O,1977-03-06,0,f44633f4-7aec-43b3-9b3b-08bd36c54999,937.906.278.056.667.359,252.272.108.794.877.782,538.774.131.268.520.920,2025-05-02 20:17:07,Admin,2025-10-05 10:29:10,System
097a0377-aae8-4d45-9d7a-17f7e7375700,Eduardo,122.5,M,1979-04-14,0,c65fab40-aaa2-41a5-8804-415f2bfdd5e2,627.720.137.803.345.451,698.815.218.383.340.409,545.853.603.897.906.040,2025-02-17 14:43:21,User,2025-10-12 18:57:24,HorusBI App
a872719a-94a8-4d2d-a999-6607e7e117fb,Bob,5851.6,M,2003-06-16,1,b07984f1-9d6b-49a3-8c7d-f2554d3679d6,626.423.695.952.304.551,976.968.545.209.404.131,455.269.013.231.233.143,2025-10-23 16:00:15,System,2025-10-19 13:38:17,HorusBI App
518577be-9bad-4a1c-b7be-45f1c49b4c0e,Diogo,5877.8,M,1970-03-12,1,d0476415-4baf-4f6b-a1f8-5aba8ea27e1a,759.217.308.034.744.683,417.713.128.389.419.642,983.315.550.612.475.431,2025-10-18 14:35:59,HorusBI App,2025-10-23 11:54:53,User
5db8ad04-f21c-4743-8d56-4ab101a3c1c9,Bob,1679.1,F,1982-01-12,0,9e4e29ad-8d0b-46b4-9456-6df2ec7d9194,837.532.382.724.554.861,25.436.411.234.504.157,431.721.160.486.005.968,2025-04-15 17:19:54,HorusBI App,2025-10-21 03:52:55,User
7725c59f-d530-4d38-a5f9-90d396b46c37,Bob,9810.8,N,1990-06-23,0,9a57d5e5-1aaa-4bea-982d-e411a3f6c7da,44.884.817.739.926.907,237.153.710.383.637.840,233.542.030.160.337.339,2024-11-18 14:46:39,HorusBI App,2025-10-08 07:20:50,Support
cf914b52-9264-41cc-a791-4744a44e0df2,Natalia,6499.9,N,1987-12-20,0,641b49d7-a9f9-41e6-a4fd-76edae4f4f2b,987.844.971.282.466.105,197.246.937.653.648.481,627.846.046.968.859.576,2025-09-27 08:48:46,Admin,2025-10-28 00:16:07,Support
e7574242-9c24-448a-b0bc-a4c3f17658bf,Karina,8588.3,F,1987-10-09,0,a5e382d0-cf18-41f9-8cee-71142ed60752,596.155.505.647.924.348,641.767.502.431.708.136,468.475.543.961.897.358,2024-12-10 23:52:30,HorusBI App,2025-10-16 12:55:20,Admin
05ab3305-a0f8-42ac-bda5-d1e5b5a06449,Fabio,1200.2,N,1985-10-12,1,7f77d7fc-a165-46ce-9cc5-c386fc1ede57,602.977.446.503.249.190,67.202.860.713.574.926,313.844.717.734.974.364,2025-02-21 14:30:40,HorusBI App,2025-10-10 17:22:30,User
26dea6ba-8df1-42e3-9e1c-eb4a76363061,Patricia,7323.3,N,1993-02-01,1,0189cb10-fad9-4e71-ad3a-82ce48b98ad6,981.182.495.651.302.914,320.634.144.744.536.865,968.312.370.646.205.894,2025-09-27 16:57:55,Admin,2025-10-25 09:55:53,Support
cc6fd303-7eb5-4513-8e95-2cb1a4be7317,Alice,6298.7,M,1990-12-30,1,0df694b6-2a9d-4231-b4bc-8a09e59a9169,60.017.406.784.015.591,166.842.731.899.748.090,470.278.255.238.868.150,2025-10-09 03:48:14,HorusBI App,2025-10-19 16:38:03,User
7962347f-998a-4a11-a2a4-dee558f942ce,Alice,7452.3,N,1982-08-10,0,7d5833c7-e211-4454-bbd6-e6315358a006,538.101.735.411.858.005,845.211.670.299.251.345,39.611.163.549.164.673,2025-06-08 09:23:40,Support,2025-10-10 01:32:12,HorusBI App
d7d2cf98-a2aa-4127-9a6e-1533ae068162,Rafael,4734.2,O,1994-12-07,0,0655e044-f9f8-40d1-95af-ce6706898440,892.836.080.735.696.122,897.898.752.017.992.321,932.374.231.560.466.367,2025-02-23 08:36:16,Admin,2025-10-14 19:43:42,User
c5c2bc06-b4ce-4428-b2ae-3a36d1473b66,Patricia,1652.3,N,1997-03-05,0,f8e774cd-2e2c-4c89-b62d-7025e4eabe3f,309.493.764.068.262.409,600.275.515.781.058.626,298.096.599.067.133.857,2025-08-13 02:05:48,System,2025-10-21 13:27:32,Support
a8d1eabb-71fb-42d1-914d-dd49498e59d1,Daniela,6865.7,M,1973-10-07,1,3e5d32cc-e0e7-42b2-ba16-2d29cb6bf7de,201.193.917.413.237.909,369.115.894.067.605.183,831.254.434.233.890.579,2025-03-13 09:02:03,User,2025-10-10 15:08:12,System
21f9a24d-1ed9-42f6-95ca-6d9d137ebf0c,Natalia,5879.4,M,2004-09-04,1,bdcfaa85-8e29-44e0-bd81-b6d7b0eb4b2f,64.746.693.731.656.006,555.010.934.631.167.929,782.474.530.907.469.277,2025-05-09 07:36:44,Admin,2025-10-10 11:11:07,Support
bcbde375-8120-4bf5-947b-526482abd8b1,Lucas,3231.9,F,1980-01-25,0,c8ba51ee-8f02-4eeb-bb81-9f0844165195,375.564.298.561.005.143,717.271.038.095.591.980,982.657.079.546.967.852,2025-06-05 17:08:14,System,2025-10-17 03:51:42,System
529740ae-350c-467c-a7a3-a36d8b5921b6,Oscar,6051.9,M,1981-07-04,1,b7b32367-fe4a-40cc-97ba-a4599fafa8b2,16.072.983.215.398.538,546.963.375.398.295.702,387.522.104.301.496.321,2025-08-29 18:15:37,Admin,2025-10-15 20:38:33,HorusBI App
2c88777b-2b72-4d7c-a95a-60add20e158a,Diogo,9531.9,F,1984-11-02,0,ad4553d0-1a8d-47fa-b299-3033a6dd1f56,704.348.990.025.305.708,840.723.981.156.877.208,532.136.200.230.933.308,2025-04-03 01:05:24,HorusBI App,2025-10-19 07:39:35,HorusBI App
d564f77c-6c00-4d00-ad24-40577279a4bb,Bob,7626.7,M,1982-08-06,0,227229bd-2f42-46ed-94ff-ed91c6ffe992,157.666.643.029.763.712,676.416.923.938.431.247,588.185.799.819.320.859,2025-10-07 20:10:30,HorusBI App,2025-10-04 04:00:19,Admin
5916b40f-5c92-40ea-b36d-463c9282574a,Oscar,4070.8,M,1988-08-24,0,c1fbe402-2ed6-48c2-83e1-206f039240ed,89.535.326.788.927.243,282.801.937.869.694.702,231.934.582.531.286.178,2025-05-25 15:13:55,User,2025-10-09 07:30:44,System
13a35301-1851-4f63-9502-db86edff1c9f,Sofia,5050.9,F,1995-04-26,1,f6f58d9b-2047-46ce-8525-31b3d61063cc,805.277.314.304.430.460,391.763.276.432.311.745,8.074.921.958.208.091,2025-04-08 18:47:38,System,2025-10-23 14:02:12,User
52d7adf6-2555-4337-a978-d7e0033dfb74,Patricia,1023.7,N,1978-09-10,0,882ed4ea-fdda-4b7f-836d-b19eacbfc599,618.601.383.555.447.839,128.420.891.719.846.121,897.335.645.080.758.117,2024-12-27 13:37:54,Admin,2025-10-16 10:32:33,Support
295a0498-4023-4cbe-95c9-d1ff33589b84,Bob,5123.3,N,1989-03-25,1,e323f5d8-c22d-48e8-ada0-e79883703b4a,203.339.393.404.935.239,124.704.882.025.514.055,661.252.705.885.767.668,2025-08-31 07:28:39,Admin,2025-10-21 19:25:59,HorusBI App
0f5bc2f6-e6df-481f-b991-2746aec947aa,Fernanda,7526.0,O,1999-08-21,1,7cb3e205-65b4-4da8-9b24-c22fbee38d47,891.918.176.423.673.897,537.554.395.561.425.108,101.139.154.465.178.252,2025-07-11 02:58:43,Admin,2025-10-28 21:47:59,User
752be18c-6866-4121-8774-498309a05019,Karina,5699.3,M,1988-05-09,0,6f4d4d0c-c299-441a-a30b-652a849cd542,751.136.912.471.539.723,772.723.137.449.134.846,978.721.664.264.876.499,2024-11-12 17:22:11,User,2025-10-21 04:54:07,Admin
fcb5eb2c-90f4-4da1-971d-f2b07825eeab,Eduardo,3148.7,N,1989-04-13,1,d0ee83f1-740c-4df6-a465-fd2dcd35db4b,282.258.068.321.218.238,733.879.672.679.647.611,988.075.290.282.569.546,2024-11-17 19:05:19,HorusBI App,2025-10-09 21:45:31,Admin
75400b24-cea6-4c0d-8cdc-e22a2542dfc6,Oscar,8025.0,O,1998-01-14,1,1213e137-9e3b-404a-99c8-500226dd7590,619.748.411.576.219.139,859.266.425.221.794.301,242.714.916.715.763.356,2025-10-15 18:33:36,HorusBI App,2025-10-30 10:15:34,HorusBI App
af23f36d-6ba9-418c-b255-75f79feb3d83,Lucas,9843.5,N,1978-12-01,0,b34c701d-1ae8-43e8-a65b-7177d8dc1f65,560.274.157.812.210.070,791.532.216.466.610.195,686.818.827.685.891.424,2025-09-22 05:25:49,Admin,2025-10-25 10:01:04,Support
d53a2492-0b23-47f1-934c-5459c3646b89,Diogo,1838.4,M,1992-07-20,1,cee93447-fb1e-46d3-9d00-9c60e223a71f,642.683.643.850.026.786,282.362.279.441.231.303,872.314.861.953.090.009,2025-09-14 22:07:25,User,2025-10-10 20:37:02,Support
3607c967-3352-4417-85d4-9bdad8f66e81,Bob,4197.8,F,1981-08-20,0,57daf00b-ba98-4527-b658-46ef2a0605ef,852.014.279.566.932.341,359.508.741.478.439.244,115.734.675.719.179.901,2025-02-11 11:17:55,HorusBI App,2025-10-31 11:24:13,Support
2f7b5e6c-0f7a-4be8-9e9f-1a93a050d805,Alice,8172.6,F,1978-02-22,1,81fa6485-8147-4e02-ab93-b4e52019f91c,868.443.169.151.283.996,362.657.571.356.784.708,229.408.819.456.307.290,2025-04-16 03:29:18,Support,2025-10-17 19:18:33,Support
6870d73b-c01b-4e75-9cb5-ea3305e01b0c,Patricia,6677.0,F,1996-09-19,0,1a0cdb5e-63c5-439c-8eec-824f9123fa81,149.107.529.318.237.165,504.151.204.806.298.837,422.763.148.267.752.925,2025-06-26 02:18:37,User,2025-10-22 12:09:42,User
5052bb5c-171f-4640-80d3-d28d101fa819,Karina,7269.3,M,1977-07-27,1,0fdea1eb-bd38-4f56-ad58-a2426d22572c,964.629.555.096.280.358,651.312.938.845.191.658,939.861.657.534.840.167,2025-10-14 13:44:39,User,2025-10-14 02:08:09,Admin
e020a82e-7ca2-4f56-86b7-a969c894c5b0,Gabriela,7231.0,O,1971-01-26,0,8f49f3a1-e2e7-4a89-908c-3967ad3c5233,566.479.699.828.441.643,239.557.671.510.404.491,761.467.312.866.322.608,2025-08-06 22:04:50,HorusBI App,2025-10-07 22:28:59,HorusBI App
f8081b7f-f6a7-42d5-b8b7-8c13469b2d35,Helena,255.4,N,1988-03-19,0,393345ae-f075-4d08-b19c-2fb6be7b55df,820.197.244.600.688.286,3.815.444.855.436.470,380.586.394.316.285.942,2025-08-02 16:08:02,User,2025-10-22 03:12:31,Support
e899c5dc-6cb3-452a-93a2-501e31077cc0,Patricia,189.0,O,1993-11-25,0,45f0f8c5-d0b1-4baa-b098-d4ea78b797fb,656.886.438.590.135.878,131.644.380.821.914.341,743.098.717.307.390.096,2024-11-20 17:32:38,Admin,2025-10-15 18:32:55,User
1c84aaaa-4594-4b5a-a5be-7e0c9f734abc,Fabio,1548.3,M,1991-06-19,0,c8877145-21c4-4ffe-9aab-5de335fc9b7e,110.541.025.703.691.017,3.160.427.378.569.932,634.188.779.301.906.214,2025-07-22 22:30:21,HorusBI App,2025-10-17 16:54:03,System
01977e31-b8aa-42e1-8dbc-e2bbce76aefd,Alice,3222.7,M,1978-10-06,1,4528fcee-6535-4cf9-adc3-f3d750c3872c,314.282.101.524.092.892,727.809.612.632.311.175,789.648.207.412.380.571,2025-05-17 09:25:27,User,2025-10-24 14:19:35,System
087f9598-0504-46f9-b3c5-ecb7d03c26e5,Daniela,310.4,O,1980-12-18,0,d252c57e-0b24-4ae8-b91b-df30943cfbe5,137.325.943.329.725.710,190.437.050.969.142.258,634.680.744.917.583.597,2025-10-15 00:31:27,Admin,2025-10-05 19:25:44,User
f9a3b825-dca8-4498-a06c-1dd898a77bc7,Natalia,3917.6,M,1992-04-05,0,9688ae20-02df-4150-937f-a682f663bd3c,831.973.985.004.436.866,580.172.544.882.968.994,178.087.110.411.246.243,2025-01-24 21:01:37,Support,2025-10-28 17:11:28,HorusBI App
22534f6b-072a-4d3f-85bc-200474d3fc88,Lucas,7149.9,F,1985-05-04,0,6d88f8bf-6ab1-49a2-918d-597075bfc2c1,571.646.277.991.973.856,588.581.461.710.559.183,393.631.656.551.465.897,2024-12-02 04:02:03,System,2025-10-25 23:21:53,HorusBI App
05009cbd-f2ea-4e32-b9d7-7f3508dbc7aa,Bob,9487.3,M,1990-10-12,1,6574e440-e68c-472a-9277-947c766c419f,124.884.690.562.981.774,377.133.881.417.747.804,530.355.967.415.754.736,2025-03-19 04:32:38,Admin,2025-10-23 06:49:30,HorusBI App
abfda1ee-1896-4eb1-8c3a-9f888d21dedf,Pedro,9972.7,F,1971-09-12,1,37fab8b5-23b0-4543-ba6e-74aa721a1c48,816.133.130.608.462.273,768.126.120.971.069.625,875.379.154.523.986.336,2024-12-27 18:58:04,HorusBI App,2025-10-15 21:21:56,Support
2b5f863f-c374-4b00-8890-f0040c496432,Pedro,2842.0,M,2001-02-05,0,0168bd7c-3051-40dc-8474-bc6d45f06868,542.042.123.338.914.814,985.157.996.803.142.660,217.548.905.314.976.310,2025-05-23 12:40:12,Admin,2025-10-24 12:20:54,Admin
70ebf3bb-1276-4d28-9b21-86b09067984b,Natalia,2374.9,O,1989-10-19,0,9e7bdd91-175f-4ed7-833f-4a8f48b094f6,328.354.584.256.899.665,45.892.056.541.969.572,81.792.739.466.815.173,2025-04-19 10:07:16,Admin,2025-10-11 03:57:49,User
3885c6eb-8133-4461-bd52-26b822fa2486,Diogo,6467.9,M,1981-09-24,0,885a4ee0-405b-4be8-a4ec-003d1738b949,518.281.900.111.913.949,976.304.487.177.947.581,960.505.630.930.583.381,2024-12-16 21:04:08,Support,2025-10-28 12:14:04,System
84eb46c3-ff35-4eeb-a518-801592367876,Marcos,8726.6,O,1975-01-16,0,0db85397-ef8c-451c-83c7-d54bb3295515,327.656.599.683.760.802,140.244.842.324.185.635,887.833.562.402.746.747,2024-12-13 18:16:39,HorusBI App,2025-10-09 01:33:25,Support
2e945e01-99dd-4789-9cf5-bb04d3085b6f,Daniela,3693.2,N,1990-03-13,0,1514a361-f61c-4025-8e93-d7727e6868ec,691.779.408.612.359.835,328.251.953.424.508.005,390.055.605.341.052.510,2025-02-25 08:27:52,System,2025-10-29 13:32:24,Admin
25073575-51db-431e-abb9-109d24f6a289,Helena,508.7,N,1976-05-27,1,04808598-37e2-4a4b-9db5-2461f0a237b7,225.502.907.568.018.336,688.412.732.589.719.653,117.934.448.798.261.735,2025-04-21 21:57:47,Support,2025-10-09 22:46:34,HorusBI App
2c89e594-fe7c-4d8f-95dc-b6575c20440b,Fabio,9334.2,F,2000-01-13,1,aa5d2825-38dc-4974-a0b5-6fbdcb8fe119,735.943.301.076.631.373,797.797.182.125.380.254,465.234.982.910.547.918,2025-05-11 15:59:27,Admin,2025-10-03 17:25:43,Admin
5c0734cb-2935-4e54-85bc-b5580ff19c33,Diogo,6191.6,M,1976-01-14,0,6dd9861a-3d7d-4a59-bd23-89770811f069,909.046.084.768.749.724,648.232.255.138.541.249,432.907.419.388.304.070,2024-11-04 12:37:35,Admin,2025-10-23 21:39:24,HorusBI App
7bec9794-97a3-4b23-adb0-d0d658a9d1dc,Alice,5006.0,F,1988-01-23,1,c8c95784-5c18-4b5d-9141-a794275d8d57,916.881.401.525.576.171,108.016.347.874.760.377,50.631.751.695.879.821,2025-07-19 17:01:02,Admin,2025-10-06 11:17:07,User
475bb191-9714-4ffb-bd97-2d0c25b569e4,Patricia,9847.6,O,1996-09-14,0,641b69ce-bc9e-4bf9-ab69-6e448881cdac,497.171.047.882.127.754,2.837.772.659.129.862,59.856.695.282.322.792,2025-06-21 12:20:39,System,2025-10-05 02:20:41,User
21a964ef-6957-46d8-aa38-2f11bf609741,Fabio,6835.2,N,1999-11-06,0,83bdfde6-44ec-4d01-9ba4-dc033ed4e72b,213.782.810.510.064.201,855.127.374.245.975.484,661.191.023.444.693.543,2024-12-18 01:25:57,HorusBI App,2025-10-13 01:57:15,System
10bc961d-8791-462e-99bd-f3e4061fb563,Alice,1869.5,O,2005-06-06,0,a6629694-51cd-41d0-968c-69e4e390f51e,105.943.929.741.047.862,472.493.465.883.070.384,506.273.199.324.661.455,2024-11-07 16:02:17,User,2025-10-03 07:06:20,HorusBI App
dfa1db29-3d86-4cf6-bfc9-39b5470e2f6b,Bob,6605.3,F,1996-10-13,0,e40b8df9-0d78-4b0a-b938-3e5972e2c280,862.543.271.486.488.463,112.830.649.986.044.982,308.543.655.096.634.670,2025-08-30 19:24:33,Support,2025-10-04 08:37:49,User
56ea5126-73ec-4a03-90ec-a02db1e58c23,Gabriela,8794.1,F,1997-08-08,0,858277a0-0879-461c-92d4-41abb463ed9e,626.561.107.914.291.079,825.337.104.422.288.720,494.442.058.148.141.345,2025-08-29 18:19:37,HorusBI App,2025-10-15 18:27:39,Support
5ea4df6a-2551-4909-825f-a477a3c0a2b1,Lucas,7728.4,F,1981-06-02,0,dab2eb10-65f5-4a32-bccf-de379514f4ee,206.578.919.441.672.016,921.683.513.487.424.353,694.631.000.492.862.064,2025-04-11 18:54:16,System,2025-10-06 01:14:37,System
26288c66-15f0-41f9-8672-5f0414ee8e54,Julia,6705.5,O,1989-03-22,0,8948a776-5b45-4f43-80d8-3c49eb4aae6a,13.808.918.072.421.001,531.403.501.310.739.168,831.586.056.022.554.891,2024-12-28 04:43:40,Support,2025-10-07 22:36:45,User
a27d7372-fd8c-46a9-86d1-02dd2bd5a140,Oscar,7261.2,F,1981-02-14,1,0f12eb1e-e4eb-499f-84f1-f8790a13dd85,54.628.489.125.085.143,219.488.028.937.062.213,380.135.234.669.274.668,2025-03-14 08:01:05,User,2025-10-31 06:12:57,HorusBI App
579edbd6-8818-45fd-a859-0d1734466f38,Fabio,7284.9,O,1987-01-15,1,7dc92ba9-f62f-48f1-81e1-da78612ad666,801.424.136.110.386.672,314.205.401.120.047.205,583.137.680.301.637.951,2025-03-12 21:45:33,System,2025-10-24 21:16:01,User
b242cc08-2911-4bbd-8743-5c2ed31b1978,Pedro,4954.1,F,1984-06-09,0,94cbe9f5-ae8e-4c91-aa40-1d8d3233acfa,372.584.310.527.351.949,676.922.709.475.236.804,151.105.803.897.567.555,2024-11-23 22:27:34,System,2025-10-06 22:36:25,Support
f3a1da43-4274-41de-9a1f-a362d3ddb7a3,Gabriela,4004.6,N,1997-10-19,1,15a6e679-0462-43df-8852-933d26caf70d,435.383.690.680.748.450,703.580.807.351.540.446,236.159.457.956.571.125,2025-08-03 16:06:34,HorusBI App,2025-10-05 13:39:32,Support
83114505-fc18-4e0f-945c-29ba68cb97cc,Fernanda,9630.4,F,1980-03-16,0,f7cbbc68-0a6f-497d-bd62-9acc677fc5ee,804.969.426.906.119.086,250.097.022.825.355.794,784.063.770.299.938.926,2025-10-15 02:49:29,Support,2025-10-13 17:36:12,Support
6a6bcb0e-002f-4cfd-b34e-89c05cef66be,Fabio,1319.2,N,1987-09-24,1,0f5424e5-30a1-428f-8aef-774c592a7c00,724.531.130.678.102.452,251.386.968.053.006.415,14.505.529.456.140.069,2025-06-09 15:32:07,System,2025-10-09 18:27:15,User
f3650d8c-8e24-45c8-92c9-5c91ddf9a0c0,Eduardo,117.6,O,1974-07-19,1,7fbf00d3-feb8-4fff-a7ed-09f2f19f92f9,936.933.745.340.471.545,917.249.279.190.217.863,175.283.626.226.024.280,2025-02-05 15:14:30,HorusBI App,2025-10-14 09:33:49,HorusBI App
90e358f0-77ea-41e5-afe2-4d18e5544c24,Sofia,6548.1,M,1998-08-28,1,d8a87ba9-cc9f-4864-97df-b017f6382a32,421.829.070.239.640.507,330.379.915.067.017.517,30.159.499.458.534.559,2024-12-15 12:45:00,HorusBI App,2025-10-20 00:56:53,Support
f2315fd0-658d-46b2-b26c-317c55734077,Fernanda,6589.1,O,1993-11-14,1,a08c75e0-82c9-4b00-8878-8298136de3d0,82.669.547.730.125.895,78.718.973.825.840.759,863.404.317.994.522.873,2025-06-09 21:13:03,System,2025-10-16 01:29:54,Admin
531a6489-4887-4e5e-887b-40129212ab77,Diogo,8054.9,N,1999-04-04,0,10a38d89-7416-498e-943a-cd73f6ad92fb,980.190.710.594.930.150,669.684.584.989.880.392,399.389.992.504.303.448,2025-04-23 15:55:19,System,2025-10-26 17:14:31,HorusBI App
bcd98bd4-bd60-4d66-8cce-e99302798ad0,Fabio,5221.4,F,1973-05-10,0,6b7e6f1b-f983-4d2e-929e-5d3dd56819b9,981.740.552.815.585.452,546.138.174.107.619.044,277.890.510.122.228.863,2024-11-23 10:58:50,Support,2025-10-05 14:26:40,User
bb6cfc80-1199-4a6e-a1f5-52f5638056fd,Daniela,6806.4,F,1991-07-21,1,556a6cdc-ed98-4f1b-94eb-a31e05364123,1.711.565.917.254.212,521.084.712.017.531.685,773.510.985.451.952.859,2025-09-30 03:44:58,Support,2025-10-10 04:47:03,Admin
9b518043-24aa-4fbb-ac0d-db1a071ae141,Karina,5715.5,F,1991-01-03,0,d9cccd73-5285-4be1-9b5a-79a9afd438bc,26.015.499.132.210.742,610.878.180.333.162.396,474.447.741.636.273.528,2024-12-14 00:15:41,System,2025-11-01 21:45:35,Support
10f68fbe-66e7-4180-b2d8-bd3ede8c2706,Diogo,5540.2,N,1991-06-27,0,80e18538-305e-4431-a55d-5ee2bb2d866d,876.049.591.833.978.666,394.641.818.044.591.361,833.238.096.455.493.460,2025-05-09 20:23:55,Support,2025-10-26 10:53:22,HorusBI App
58a094d8-775d-4b7e-aadf-ff700d804f8a,Eduardo,9882.1,O,1984-06-23,1,48bd3b28-c3b5-4cfb-bb12-243171ea6947,977.707.444.386.028.424,498.614.212.538.452.179,653.051.090.545.542.296,2025-07-31 08:17:21,HorusBI App,2025-10-17 11:11:29,Admin
7d6a157d-090e-4823-9c89-3c098c056d66,Pedro,9427.9,F,1990-11-14,1,da6a1bfa-7711-48bf-ad6e-802ed03110b9,318.342.776.606.624.661,922.550.269.606.620.144,595.243.460.140.527.537,2025-03-27 04:28:25,Admin,2025-10-11 17:10:50,User
952b8285-94b6-48c7-a4f0-1741b0c16be4,Helena,4931.8,N,1977-11-30,0,eeb1ccd4-ff7d-4b43-a9c1-0d5131639245,743.550.303.976.308.888,409.438.881.172.139.014,269.080.083.820.452.332,2024-12-03 12:28:54,User,2025-10-10 03:56:29,User
ae3a7296-e662-4b25-babe-f5e20f8b66ff,Fabio,5825.5,M,1977-01-13,0,0adfb828-8abd-462b-96a6-0aa063612020,479.306.552.466.895.305,501.839.323.822.446.164,401.894.469.004.722.367,2024-12-05 05:10:29,System,2025-10-06 09:54:24,Support
983c677c-2c71-4f2a-984d-ee5afe97771e,Marcos,4803.8,M,2003-01-17,1,8466bc71-5b99-4745-bc33-84357ed2edab,133.978.141.917.641.605,67.621.507.932.443.944,270.829.291.237.515.345,2025-03-23 02:13:00,HorusBI App,2025-10-16 02:52:58,Support
2a1d0039-07c9-465b-8ec7-8ff995ac2ab6,Ivan,7570.7,F,1985-10-22,1,cb1740ba-0cd1-444b-815f-fbd935773a11,190.095.145.929.645.678,516.660.751.800.425.769,413.422.607.354.150.292,2025-04-02 01:32:40,System,2025-10-25 16:06:44,System
be5074af-6d22-4b24-a2ea-714bd0b802ae,Fabio,3215.5,M,1978-11-28,1,efe41702-f2e4-4a7e-99bb-f3cd44b953d7,833.087.960.193.967.558,481.614.146.052.250.675,504.511.193.051.811.004,2025-03-24 18:22:32,Support,2025-10-30 22:17:00,User
8e1be09d-6340-42a8-9768-ea85b92c70b1,Julia,6778.6,N,1996-01-15,0,a40e0b3f-0b82-46c0-b4c7-fe69efd808ff,159.373.467.743.114.816,340.686.932.534.319.261,879.623.020.283.237.046,2025-09-06 22:12:44,User,2025-10-29 12:27:48,User
ddf71466-f1c0-4a39-b4ef-eedc83418e52,Helena,7214.1,N,1984-08-18,0,f839ddb8-7705-4637-8bf9-a2ee76f6108c,817.760.344.514.176.822,13.099.094.364.312.401,262.542.649.599.295.037,2024-12-30 07:03:18,Support,2025-10-12 06:21:18,System
3122ae24-d62f-45cc-8c34-75ff02d3a194,Alice,658.3,F,1998-11-07,0,4974ce2a-04c0-4d8a-8fba-14dcd48c11a4,938.441.995.757.399.851,171.757.485.562.084.512,508.854.955.185.922.496,2025-05-24 01:56:16,User,2025-10-28 22:22:59,HorusBI App
187cb309-f965-439d-b18a-26e782940dcd,Helena,1427.6,M,1986-05-20,1,8354bb70-3be4-4415-84c9-b1555477bdc7,281.590.062.557.505.085,90.915.197.049.451.943,679.222.964.065.162.298,2025-09-20 02:24:29,Support,2025-10-25 18:24:51,HorusBI App
51ed427e-a32e-4e21-a6f5-34526ac9ff6c,Rafael,390.1,F,1985-01-14,0,40f98114-b973-4057-a1e1-91f72cba36a2,989.989.203.319.254.110,673.008.551.313.674.706,681.995.046.280.777.571,2025-10-16 21:50:20,Support,2025-10-23 19:28:20,System
3379fead-11aa-4168-a46b-145ecc036154,Diogo,5038.2,M,1983-05-08,1,b8e1d991-dfe7-4f35-b68a-19f23582a7a5,370.265.120.901.035.358,14.390.385.806.254.238,412.564.199.114.532.112,2025-02-17 19:22:26,User,2025-10-18 03:48:52,HorusBI App
d14dcfb0-971e-4a45-9e5a-af128734c67d,Pedro,3329.2,O,1983-02-13,0,d80cd79c-8897-4e6b-87ad-24b39b5bc1a3,750.778.979.556.781.709,798.177.974.729.115.211,327.791.972.753.183.046,2025-10-26 05:44:58,User,2025-10-07 16:38:15,Admin
62b2a95b-2a8b-44f3-ac01-8c302cc22973,Lucas,7106.8,O,1992-11-25,0,35127add-688f-4e72-91b5-d058173d261b,916.506.063.322.688.459,882.728.122.064.142.929,127.298.037.212.302.905,2025-09-05 07:12:49,User,2025-10-17 14:41:38,HorusBI App
8599dcf5-ef8b-44c9-8370-068281cd2d2f,Pedro,6180.6,F,1974-05-20,0,9433bef9-7630-4bdf-bfa6-b24145b9df96,744.477.727.866.174.314,957.992.674.974.785.549,345.860.467.392.052.298,2025-02-19 23:11:58,HorusBI App,2025-10-15 07:17:46,HorusBI App
d67002e1-5025-4ae5-8825-f68a0527056d,Daniela,9269.9,F,1985-05-14,0,f94ec937-d2cc-44cd-a504-5bc78ebad782,939.199.899.534.621.693,76.843.948.869.437.608,311.592.861.020.603.072,2025-03-15 16:10:33,System,2025-10-15 10:18:53,User
1b2af82a-88f3-45b7-aeb3-281460283ec3,Julia,225.4,N,2001-02-09,1,a2694ef8-0b82-4a15-8175-7f3f1dd11a3e,797.582.352.051.630.767,293.375.567.577.263.472,148.822.743.482.428.261,2025-09-23 12:04:06,HorusBI App,2025-10-15 20:11:58,Admin
8511c5fc-03ff-42ac-b890-781fe6968b66,Gabriela,6434.2,N,1989-12-08,1,2eba285c-9192-4cc6-ae20-35073fd7648f,419.085.029.197.570.464,635.462.450.108.564.215,610.318.723.064.655.806,2025-02-10 17:08:46,Support,2025-10-31 20:42:09,User
41ef82b3-392e-41c9-a5b8-d10f77a8746b,Sofia,4750.0,F,1983-11-22,0,ede0ada6-d386-47e0-8b2c-fd7e28786e8f,358.865.154.610.575.944,477.426.349.263.454.892,606.277.798.067.104.495,2025-07-19 00:35:46,HorusBI App,2025-10-12 21:40:11,System
28ef53b2-3dc0-469a-9769-210b126e1e0c,Alice,6941.2,O,2000-06-01,1,1e6428f1-6670-45a0-8a52-795f25b28382,24.690.112.988.378.545,619.184.103.840.663.182,877.337.923.265.979.536,2025-09-25 19:30:26,Support,2025-11-01 15:04:30,HorusBI App
50f47db5-2d21-4b29-8b66-6fa0355a97e0,Karina,3213.2,O,1993-11-18,1,66993323-3b9b-4130-965a-341b0e57c1da,756.356.526.357.652.974,780.045.956.576.982.984,73.409.415.073.537.496,2025-02-17 03:01:23,User,2025-10-10 00:28:13,System
8764e2dd-1623-46dc-97ce-f97d55abad4a,Helena,9222.7,M,1987-05-04,1,b62f252c-bbfa-4732-81a1-46330d826323,190.740.984.943.967.918,136.294.973.311.398.986,567.974.127.857.064.196,2025-04-25 15:18:34,User,2025-10-13 13:12:58,System
9011f2d2-df5f-4aeb-9768-02908a3e2c3a,Julia,4489.1,O,1989-05-06,0,1698250b-3e0d-4893-8092-5acfdbb3be48,774.059.206.582.316.367,958.748.009.618.136.650,489.371.610.680.727.988,2025-06-21 01:11:41,System,2025-11-02 00:43:30,HorusBI App
7d1bf925-8bbf-457b-8f24-3ab70c0fcf2b,Sofia,8046.0,M,1989-04-17,0,5e8f7214-41d2-4673-88b9-3860405ee9ce,10.594.753.153.213.627,419.577.816.233.054.126,699.001.751.485.401.979,2025-10-07 20:03:59,System,2025-11-01 23:37:26,Admin
f2e702e8-56e0-4ec0-9b11-00de8bb6b7fb,Ivan,9587.9,F,1970-11-02,0,c28dc6bf-e680-4a96-a644-021ca842fdcc,966.585.761.305.206.315,315.227.076.659.219.080,888.597.933.896.583.997,2025-10-08 09:16:22,System,2025-10-05 02:58:02,HorusBI App
aa745b1c-59b7-4b17-9e5b-1296680c7bd7,Helena,5500.9,M,2000-11-12,0,6189e2f3-dde4-4244-8ba8-9af48b2a196c,453.994.183.819.675.280,749.869.100.663.042.804,403.072.558.251.367.873,2025-07-05 01:24:44,Support,2025-10-18 16:32:49,Support
7cd4510a-3bdc-480e-99e6-e50d25ecadae,Sofia,3029.5,F,1995-07-08,0,574954f3-a20c-4a4c-8c98-5c6dbdd6540b,198.822.708.975.868.590,390.475.820.036.488.403,106.007.680.183.108.209,2025-08-28 15:11:21,User,2025-10-04 01:00:07,User
f48dea9f-d005-4966-a94d-c3aa9b804b6b,Ivan,1486.5,O,1982-09-27,0,24f67589-050e-4588-bce3-ad0dd5ef5515,230.383.273.843.683.361,453.890.835.210.613.434,636.132.600.630.550.963,2025-03-26 22:40:44,Admin,2025-10-27 07:56:38,User
4618a729-1256-408b-bfa2-1229d922042b,Rafael,2977.0,N,1973-09-07,1,ee21ef3a-505e-4c14-82af-ec89029c8160,482.906.590.440.764.771,504.603.577.177.823.434,803.254.922.610.070.160,2025-10-21 23:25:40,Support,2025-10-29 00:07:55,Admin
8183295d-4dce-4f3a-b1c2-ca64aef401dd,Julia,7035.7,M,1977-03-19,1,48cb1b7a-4add-4c93-b180-309608fa2814,783.961.582.431.311.652,281.048.942.820.332.167,278.051.745.259.958.652,2025-10-26 08:29:42,Admin,2025-10-16 02:51:30,System
d1f7cc07-02f1-4794-979c-d22681e4072e,Julia,4359.8,M,2004-02-18,0,55624fcb-e194-4438-8f3e-d28307381897,736.411.923.078.009.905,916.911.358.289.657.298,286.021.102.180.207.155,2025-01-02 09:44:55,Support,2025-10-30 15:47:00,Admin
23e8fb82-cb1b-4d4c-8574-86bf5543c97f,Patricia,3228.4,F,2002-08-07,0,4f894643-ece9-4381-aa5c-5b57f5addc88,753.845.320.693.379.940,56.568.273.455.456.168,136.299.201.660.568.409,2025-01-20 21:17:14,System,2025-11-01 01:46:30,User
2b5989fc-82c4-480c-b150-d4307b8c06c2,Diogo,519.1,F,1993-01-30,0,79d76881-01e3-49c1-804e-ac483610bbf4,567.822.892.701.237.141,987.820.472.641.688.513,93.526.211.689.278.569,2025-06-03 08:44:51,HorusBI App,2025-10-19 17:52:06,System
ab31b4c5-37f3-4baf-9205-94e58d96692f,Daniela,5194.2,O,1980-06-02,1,6f2640ee-78d9-4a96-afa1-447c2479801a,57.961.303.610.658.869,755.568.670.331.755.527,394.794.337.511.405.877,2025-05-22 12:15:09,HorusBI App,2025-10-25 20:27:33,Admin
239acfac-51ff-49d5-b275-d43d8570fa47,Patricia,4286.6,N,1997-03-30,1,e67a5ab5-f842-4079-aac8-2c3c2363abb2,586.355.988.308.343.055,348.756.267.386.049.923,480.048.834.801.657.989,2025-09-08 17:54:37,System,2025-10-30 21:56:56,System
61755036-991b-4b9e-93e5-76cf26ab704f,Oscar,951.8,N,1999-08-28,1,108a278d-2f66-4a55-a024-bab0809a0dd1,1.946.594.285.744.440,99.976.208.434.111.584,692.269.937.971.641.641,2025-09-24 11:01:47,Admin,2025-10-25 18:51:27,System
da01093e-f117-4687-a637-e482cbd38669,Fernanda,7125.6,O,1989-10-28,0,576bec40-2953-45c5-9fdd-5a4de49291a6,539.827.132.827.268.606,337.583.113.375.726.790,26.921.356.057.738.372,2025-01-11 20:51:09,Admin,2025-10-09 07:19:02,Admin
f2e1c4e7-9a4c-4f51-9d7b-eebdcd61fad0,Carlos,7307.8,F,2001-03-17,1,4b2c2e75-3916-4e42-af79-448fbac54406,679.432.630.369.011.922,9.864.168.208.869.445,214.085.384.133.118.298,2025-05-09 08:16:40,Admin,2025-10-13 22:16:35,Support
92d1f379-b1ce-4597-bee5-5097293add0a,Gabriela,5703.5,F,1996-04-21,0,19d39df6-028c-4a5a-ab5a-243be9dd0ea2,79.275.184.328.478.804,288.178.489.105.667.106,193.229.000.193.075.433,2025-04-27 22:33:43,Admin,2025-10-13 01:11:23,HorusBI App
71ff5682-f2a3-4122-8ff7-1208a6cb2e27,Marcos,3427.4,F,2003-07-05,0,1284fb27-8578-42cf-949b-d234c3233c27,625.900.149.044.850.599,216.178.655.477.668.636,881.759.084.477.011.950,2025-07-29 11:31:43,System,2025-10-20 02:43:53,User
a6a80541-72ed-4292-a990-13a28e2c1326,Fabio,1645.1,O,1988-08-21,1,4cee6f4d-7383-4ef8-84ee-0f90df4d46e9,935.526.164.522.235.759,256.072.191.085.997.028,448.104.395.090.833.904,2024-12-17 17:18:21,Admin,2025-10-16 04:18:48,HorusBI App
4150ffe8-dfcc-4c83-af4b-b58a5ac63833,Bob,9694.9,F,1992-11-24,1,c8fdbf5f-bdc0-4b7f-8178-94cf02bb1e3d,509.797.922.808.420.825,382.974.094.662.607.550,94.692.413.159.063.156,2024-11-12 12:14:49,User,2025-10-30 11:10:39,Admin
2e0e7066-92d2-4f12-b147-cf8d43c77531,Patricia,5300.4,M,1986-11-13,1,af2e4e23-a584-4996-a832-6f8ee26d0db4,558.766.614.134.956.265,240.338.920.219.608.096,139.550.708.017.454.475,2025-09-26 17:26:29,HorusBI App,2025-10-10 12:44:29,User
9f9fb79e-7973-4868-b858-9b48df11edfb,Daniela,1570.5,M,1991-05-11,1,3938c6d0-d5f7-40a9-95b0-0f360a4f72a3,342.561.767.569.156.778,523.563.663.531.023.546,210.822.761.208.527.526,2024-12-10 10:26:48,HorusBI App,2025-10-27 12:55:38,HorusBI App
7e06ea55-14e7-4f7f-9791-7ddb76f8f094,Lucas,8805.9,N,1990-03-09,1,cb535340-f4a9-41c8-899f-d16a936eba99,163.217.570.138.782.928,932.388.944.792.737.208,670.058.522.075.367.691,2025-03-06 08:06:10,System,2025-10-12 00:34:36,Support
ac5950e4-8d47-4b22-b18e-f89d41816624,Fernanda,5952.1,N,2000-08-27,0,35480849-68d6-4502-a20a-3c0ab515fc40,802.522.627.933.488.409,275.821.515.377.243.730,574.538.516.233.736.716,2025-06-26 19:30:03,User,2025-10-20 10:46:25,Admin
ae3dd86d-f0e7-4474-ae3e-c663e6ce7eba,Rafael,5108.6,N,1975-04-29,1,37ef9154-7787-4a8b-afde-22e20c0f2759,285.448.240.083.141.103,624.412.998.387.973.889,463.815.317.475.319.200,2025-09-02 15:31:09,HorusBI App,2025-10-13 05:33:08,User
5828aae1-ed76-48ee-bea9-f2cf6e117169,Rafael,3847.4,N,1976-06-28,0,b46651d2-0770-4c7d-b0a4-f51b78420a93,650.311.030.231.321.686,512.740.001.023.022.259,685.726.386.384.741.639,2025-09-06 12:12:25,Support,2025-10-16 17:32:08,User
6f9b6ed5-53eb-4eac-b175-3e232b888486,Diogo,7860.4,M,1977-06-23,1,05f301c9-29c2-40ec-9d2a-863c0edcba52,727.233.198.299.108.878,337.306.791.550.935.567,55.057.824.239.652.923,2025-04-25 03:51:40,Admin,2025-10-20 22:33:43,Admin
45664df6-460d-4f85-bb40-a94bf31ff7cd,Marcos,4545.4,O,1996-11-15,1,5cd31694-57d7-4be6-bba0-25d27d0beeaf,731.861.910.874.037.726,224.178.683.040.095.272,893.381.496.915.783.603,2025-10-10 00:13:37,User,2025-10-12 20:59:08,System
8f82a788-1584-4241-bfe7-ea08c07ad908,Daniela,2800.6,F,2002-03-29,0,3323d3e4-62db-4fda-9600-b03003aec41b,520.027.638.420.654.399,505.495.844.606.090.128,524.580.840.857.212.356,2025-06-17 15:51:03,HorusBI App,2025-10-11 00:05:57,Admin
1171d32a-9093-4f1a-86a6-718bba772094,Gabriela,6437.5,O,1999-08-30,0,e89e1402-872f-4001-9f51-02ca8062f0d5,767.174.534.062.712.978,695.003.252.460.722.497,581.006.489.673.542.551,2025-04-03 12:30:59,Support,2025-10-03 21:15:45,Support
25862a22-6757-47f4-9d37-18d2620480cc,Fabio,2759.7,F,1983-05-21,1,7b187501-8f42-40db-90c8-dd738b10a1c9,478.099.819.131.290.199,968.852.801.392.760.647,252.204.251.795.908.379,2025-03-12 19:45:13,HorusBI App,2025-10-12 07:34:33,Support
c3c58f3e-2dec-413a-8757-e431184e7125,Ivan,9946.5,F,1970-01-31,0,5e67fee4-657c-4dfb-91f2-31007e704321,177.636.660.501.007.895,532.435.549.924.949.006,623.172.576.346.323.369,2025-07-11 06:12:11,Admin,2025-10-24 09:12:11,Support
060cc056-0758-41bb-b132-dc8207fcca7a,Natalia,2258.5,N,1994-06-22,0,0502ee47-9aaa-48d5-870f-5fa6718d87cd,732.447.508.463.963.301,1.581.189.302.075.658,789.531.865.144.125.380,2025-06-17 04:34:20,User,2025-10-06 09:55:54,User
87d4dd67-0bc1-4248-9353-76ae498e2316,Gabriela,4224.7,O,1978-08-28,0,f6e53b0a-31c3-4789-9ecc-c3b8645e738b,58.974.887.800.477.471,800.759.717.238.911.891,232.478.678.626.604.781,2024-12-27 02:20:07,System,2025-10-28 05:09:26,Admin
feaad580-9e7a-40fb-b259-67e986e2141a,Ivan,4556.5,N,1985-04-11,1,fe411e1a-88c3-49e2-9aa6-1dea79dbb13b,276.275.219.323.481.643,134.209.775.592.794.835,186.036.499.197.025.542,2025-06-25 10:35:49,HorusBI App,2025-10-10 16:40:43,HorusBI App
6d1c59ed-9c31-48c3-9268-2bf64bd015cb,Gabriela,8261.1,F,1984-03-29,1,1fe8c42c-d07e-4ba1-8625-8a1bf724216c,686.163.898.843.773.651,545.427.317.023.304.449,758.744.656.717.942.933,2025-01-30 18:20:18,Support,2025-10-13 12:04:44,System
cd0c2728-8e45-411d-9d02-a92f46503f9c,Pedro,4088.0,O,1996-01-14,0,997be27b-f638-422a-b200-54b0ced47c97,406.430.639.196.027.397,895.835.551.579.701.051,869.985.588.976.595.287,2025-02-07 19:51:50,HorusBI App,2025-10-18 01:11:11,HorusBI App
8fe8041c-7d71-4a3a-b6f8-b6bb9bd7ea05,Julia,6357.7,M,1973-03-26,1,c356d14b-02cd-44fe-a086-63701f6876dd,537.153.845.293.093.310,492.020.251.350.938.009,894.320.103.508.314.648,2025-03-09 14:12:58,User,2025-10-15 18:38:49,Support
b549a826-d5f3-49f2-aa1a-ab419d4d0ede,Alice,5849.4,N,1973-02-23,0,537c9b6a-63dd-4cf0-8143-a48e398072c6,72.385.318.462.242.335,437.558.159.797.031.695,327.633.675.336.695.814,2024-11-17 23:47:34,Admin,2025-10-28 19:44:38,User
294cfec2-acb3-4fa1-ac33-deb9b030cfdb,Julia,6803.3,F,1998-11-11,0,29534fcd-1fd7-4fd8-bf9b-2c9fd4911676,488.593.282.917.496.877,867.073.225.829.419.738,919.295.484.267.420.776,2024-11-20 04:36:24,HorusBI App,2025-10-07 01:05:18,System
171f7b6a-0511-4a1a-9409-4743f35cd128,Helena,8144.5,O,1973-11-17,0,82407405-2808-4065-bf78-aa51e16454db,9.317.613.188.646.070,518.547.482.577.059.455,34.227.870.281.431.991,2024-12-28 08:13:19,Support,2025-10-24 16:59:43,User
29af4834-22c4-4c25-96b1-98ebd11b4eaa,Helena,9628.4,N,1998-06-21,0,45ecd40c-29a4-48dd-8666-467f7bb72769,247.160.630.258.246.634,380.600.838.242.566.871,350.834.984.672.813.817,2024-12-28 18:27:17,HorusBI App,2025-10-12 18:35:37,HorusBI App
2c7b137e-e2e5-4cd2-9bb7-3bbe31ec5542,Diogo,517.1,M,2005-01-30,0,129db475-e1af-4505-84ad-e9e0310950a7,327.168.278.840.616.098,221.164.065.790.677.425,375.760.691.420.492.496,2025-01-31 13:16:54,Admin,2025-10-17 23:10:46,HorusBI App
c2695e08-ff03-4469-8b89-6ac806c50b05,Fernanda,1006.4,M,1981-07-08,1,26c00c76-4caf-4c76-a661-840fd0a702cc,680.501.142.948.105.437,589.326.978.589.353.601,308.518.145.103.330.019,2025-02-02 01:16:15,System,2025-10-08 04:25:08,User
95a039d5-8bc0-4031-b74e-1c3bbe522c35,Rafael,1393.8,F,1978-09-13,1,9ccf5e38-70dc-462b-8acd-5d1a9f4253ce,357.508.411.825.950.494,212.561.616.782.346.876,871.901.297.743.137.576,2024-12-30 02:01:35,Admin,2025-10-22 14:06:36,User
ead1034e-644b-4803-81b0-0757f9dcd3e9,Helena,1830.5,M,1989-07-04,1,64bf2e3a-c593-429d-bfb1-71c1cad5fca2,868.160.990.866.030.228,528.387.583.825.920.194,763.421.892.649.708.562,2025-07-12 00:59:43,HorusBI App,2025-10-31 03:29:58,Support
0e9509d3-0844-4f07-a6d3-0a3a56321c92,Karina,5714.0,F,2004-09-12,1,034b47a8-82bd-47aa-b63a-bf824a7c973c,496.598.895.405.785.624,384.260.414.939.553.077,607.222.516.933.837.449,2025-04-11 06:34:55,Admin,2025-10-25 09:43:42,User
96dde5ab-4a19-41f4-859c-24971a84e10b,Sofia,9635.9,M,2005-04-05,1,3e8e70e6-edda-4880-b891-40d1bf50d572,360.085.042.318.690.991,255.389.581.221.153.078,180.362.609.577.961.004,2025-03-05 03:13:01,HorusBI App,2025-10-23 13:29:02,Admin
05a64b25-6e07-4ccf-b873-b97f5f930e11,Diogo,2864.5,F,1982-01-13,1,9a4b17b0-e2ab-4758-bb63-61d452e40e2e,447.645.881.768.819.326,824.933.687.855.482.887,331.218.540.817.446.997,2024-11-18 02:42:35,System,2025-10-04 19:58:27,HorusBI App
e93ef4c9-ae99-4af2-ba7c-278ad5ce9a99,Alice,7162.5,M,1976-06-08,1,bd365faa-56a5-457f-b064-6725cde2f44c,316.642.028.765.841.752,285.255.973.962.516.002,644.908.559.509.012.470,2025-03-13 10:39:03,HorusBI App,2025-10-20 15:02:11,Support
29a34b92-82e1-4a04-bdf6-56c591651cf1,Fernanda,239.3,O,2002-04-06,1,0561d655-ac1e-4274-8624-364a990af3ed,258.538.400.842.891.854,20.727.119.799.465.587,626.919.323.089.398.063,2025-10-20 23:36:04,System,2025-10-24 22:10:57,System
02fb48de-bf28-4e11-9013-ec81e7c807f8,Eduardo,5563.3,N,1976-05-22,1,37e3be0c-b92f-459e-9aba-676604d94aed,760.588.439.514.455.776,909.537.566.602.557.539,142.768.682.781.013.767,2024-11-14 01:39:07,System,2025-10-30 16:10:55,Admin
8d1de1ae-fcfd-4fa4-a64e-f7c6e1c58827,Eduardo,4486.7,N,1980-03-28,1,366642b2-b55e-49c0-8478-e8323e1a18c3,993.961.518.190.488.336,874.241.167.995.162.673,780.337.655.610.017.670,2025-09-14 09:12:19,User,2025-11-01 17:54:12,User
63b58b2d-08f8-4468-8ea1-255576cafbd1,Julia,4575.7,M,1986-02-12,1,c7762e9a-8b6e-489e-aee7-0465a43faae8,227.885.981.335.846.387,474.307.648.567.145.384,495.172.202.305.174.545,2025-09-09 09:20:49,Admin,2025-10-16 14:27:27,Admin
ca7a3cca-2a03-431e-8d7a-cdda5342c021,Karina,7900.6,N,1978-04-22,1,c0f6e6d5-ada4-4b1e-838b-e30d0a406676,231.903.088.172.024.686,985.868.739.421.290.978,159.225.293.795.699.303,2024-11-19 21:17:54,HorusBI App,2025-10-17 11:28:08,Support
ae4034dd-1f15-4e0c-ac9a-db2a6c1e1f33,Natalia,691.6,M,1992-10-16,0,420f7d0e-2c03-4f4b-b3f5-bc72dc5926c8,86.256.304.498.737.170,444.219.657.646.104.479,680.969.479.683.272.079,2025-05-27 08:50:15,User,2025-10-26 06:52:55,HorusBI App
b6c736db-f6ae-4359-aa91-50c349087353,Sofia,9317.4,M,1993-11-29,1,540b0cc3-f792-42be-83f7-54263e646526,394.848.505.333.877.388,627.690.313.872.896.014,606.087.255.357.686.343,2025-09-11 15:43:50,Support,2025-10-18 13:39:05,User
40754add-37ae-47c8-a1fe-c02c0bddedfb,Ivan,3299.9,N,1976-01-08,1,a8813004-4415-4a81-a858-800258ee90d1,528.818.920.218.652.338,967.751.281.188.181.218,115.278.622.489.089.917,2024-11-09 00:02:10,HorusBI App,2025-10-05 14:57:13,Support
aa74a14a-7f0f-4e0c-b36a-ef68a226b93a,Julia,8267.5,F,1995-10-17,1,e0c0df2a-164e-4304-a8f6-c0d580dbbf9b,65.673.740.995.261.872,875.494.570.875.378.998,476.689.104.391.767.558,2024-12-29 20:10:34,System,2025-10-05 16:04:54,Support
2da8280a-fe19-4bad-bf68-ba1260463c2e,Fernanda,2746.1,F,1980-08-30,1,b204a112-04ce-430d-b910-7d1d0ec3e776,242.108.905.531.687.198,612.235.959.799.024.885,576.293.559.958.476.681,2025-04-06 14:40:41,HorusBI App,2025-10-03 04:21:01,User
e259b48e-27c3-4d06-99e2-6118ddb4caa4,Fernanda,7319.6,F,1989-08-02,1,050c0815-4ca4-448c-b685-52f9f21db2b8,572.082.400.422.589.158,446.053.729.039.271.178,88.523.914.040.279.059,2024-11-24 07:35:42,User,2025-10-21 02:56:18,HorusBI App
f22d891c-5e2c-4850-8a91-8bf9dfe1eae3,Daniela,9392.2,M,1979-06-21,1,7cdc0b4a-a61d-4ac4-93ec-0f87f2e7fa4b,440.499.681.568.652.041,303.953.860.401.255.966,545.525.021.144.079.790,2024-11-14 19:55:22,Admin,2025-10-26 13:08:50,HorusBI App
e28d8805-272f-4e59-9b1c-fd7cab3b1882,Sofia,5873.0,M,1982-01-01,1,8a52c1d3-7fe5-4f09-b8f6-aed1cbd28bb5,663.675.694.700.509.043,373.487.656.062.366.685,638.351.468.107.569.326,2025-09-19 03:01:31,Support,2025-10-18 09:57:31,Support
7b643f7a-4fa2-4473-a010-d5dd0e07873c,Eduardo,789.5,N,1988-05-17,1,ea7a947f-2932-419a-9804-53f4ac5fa0c9,293.573.015.282.241.617,963.846.315.879.962.062,754.589.908.831.376.708,2025-03-02 00:13:41,User,2025-10-31 16:06:31,User
fad4244c-f715-4b85-bd5e-13a8f1430860,Bob,7035.3,O,1994-07-01,0,adc1e94a-c161-4941-8bd5-2aa83c71afcb,160.800.647.623.030.271,677.031.294.781.435.602,400.975.445.902.799.129,2025-08-12 06:25:36,Support,2025-10-19 10:07:47,System
74792681-0cf0-4a42-8f02-f2ca661e8518,Karina,2913.9,O,1979-05-17,1,e17186cd-0d67-417f-8817-d3e7edf0c6e7,706.929.721.907.858.483,573.546.621.141.790.471,782.909.418.650.392.793,2024-12-16 22:21:46,Admin,2025-10-26 07:24:13,HorusBI App
2338e3a6-a934-4beb-9ad1-453bcbaf55ca,Oscar,1578.4,F,1985-12-11,0,950d3866-761e-474a-a03c-1ff5221ff229,104.996.521.212.881.158,819.451.589.389.286.429,895.512.750.011.601.572,2025-02-20 08:55:01,Support,2025-10-17 03:14:02,Admin
83426898-4497-44eb-87a9-d0c5e9b54311,Eduardo,9271.8,O,1979-10-06,0,4a5c9f6c-e889-40a7-a89d-a45d63b42913,155.341.485.143.785.385,833.110.282.753.700.175,135.457.673.323.550.916,2024-11-23 02:05:41,HorusBI App,2025-10-25 22:19:53,HorusBI App
